"","sex","race","education","income","age","stratum","m1Bmfit","m1Bmupr","m1Bmlwr"
"1","Male","White","College plus","High","18-29",11441,34.6798064938122,35.9786718813963,33.2552858584742
"2","Female","White","Some college","High","18-29",21341,34.9721541001843,36.551517784298,33.3125900318098
"3","Female","White","High school","High","18-29",21241,35.3845112587156,37.2259455769878,33.3844003609069
"4","Female","White","Some college","Mid-high","18-29",21331,35.0082194379356,36.3079798747039,33.6939841576661
"5","Female","White","College plus","Low","18-29",21411,35.6019564877901,37.1567846367535,34.1524175015625
"6","Male","White","College plus","Low","18-29",11411,35.9863087733125,37.6396111428681,34.1722354283844
"7","Female","Hispanic","College plus","High","18-29",23441,36.0584550386248,38.0255350040534,34.2386443947522
"8","Female","White","College plus","High","18-29",21441,35.6913728636382,37.060226067872,34.2915520875282
"9","Female","White","Less than high school","High","18-29",21141,36.207046103818,38.2324495302392,34.315563286053
"10","Female","Hispanic","High school","High","18-29",23241,36.5934150234873,38.4882086295521,34.593599468058
"11","Male","White","Less than high school","High","18-29",11141,36.6353625502232,38.5948633300028,34.739251014658
"12","Male","Hispanic","College plus","High","18-29",13441,36.6970446519898,38.4249698048735,34.9242904831511
"13","Male","Hispanic","High school","High","18-29",13241,36.9986207070027,38.9453645077819,35.0145387417004
"14","Female","Hispanic","College plus","High","30-44",23442,36.4358332679614,37.7593931189218,35.0458662507153
"15","Female","Hispanic","College plus","Mid-high","18-29",23431,36.7236096644092,38.3369368396627,35.100505029551
"16","Female","Hispanic","Less than high school","High","18-29",23141,37.0917312639776,39.0683475666003,35.1484745080601
"17","Female","Hispanic","Some college","High","18-29",23341,37.1428263926664,39.1439941279985,35.1500814316933
"18","Male","White","College plus","High","30-44",11442,36.2123189812988,37.1882097974488,35.261561847202
"19","Female","White","College plus","High","30-44",21442,36.204270967651,37.1317179992131,35.3046723327997
"20","Male","White","High school","High","45-59",11243,36.6960512495547,38.1412510190345,35.319478179269
"21","Female","White","Less than high school","Mid-high","18-29",21131,37.1499296454005,39.1886172859062,35.3285411034383
"22","Female","Hispanic","Some college","High","30-44",23342,37.1394005034066,38.80566804345,35.3587871021402
"23","Male","White","Some college","Mid-high","18-29",11331,36.6375785900474,37.9764243146494,35.3630304805623
"24","Female","Hispanic","College plus","High","45-59",23443,36.9208551619986,38.427508500093,35.3734202256546
"25","Male","White","High school","High","18-29",11241,37.0217018499666,38.6906791431706,35.383296670033
"26","Male","White","High school","High","30-44",11242,36.7596912722379,38.1920773050828,35.3981864015801
"27","Female","White","Less than high school","High","30-44",21142,37.4034741952127,39.1735797375235,35.4342769895959
"28","Female","White","Less than high school","Low","18-29",21111,37.0360328156143,38.5751037859273,35.4344908028857
"29","Female","White","High school","Mid-high","18-29",21231,36.9483264251462,38.5530241120421,35.447583453736
"30","Male","Hispanic","Some college","High","18-29",13341,37.3164161171508,39.2335252037318,35.4542763388852
"31","Male","White","High school","Low-mid","18-29",11221,36.9351124862619,38.3532539359808,35.4633192938322
"32","Female","White","College plus","Mid-high","18-29",21431,36.5700671456839,37.8128402339167,35.4899120287555
"33","Female","White","High school","High","30-44",21242,37.1470912803348,38.5597518072869,35.5375104449756
"34","Female","White","High school","Low-mid","18-29",21221,37.024605822625,38.4430027594835,35.5466417842451
"35","Male","Hispanic","College plus","Mid-high","18-29",13431,37.2565408929554,39.0003189178518,35.5688063068671
"36","Male","White","Some college","High","18-29",11341,37.1684701533341,38.6390020381457,35.6091640752721
"37","Female","White","Some college","Mid-high","30-44",21332,36.7498489262283,37.8656839197477,35.6360544066352
"38","Female","White","Less than high school","Low-mid","18-29",21121,37.3203815625714,38.9704134308409,35.6402192802286
"39","Male","White","Some college","High","30-44",11342,37.088783211483,38.5734222789359,35.6724666881714
"40","Male","White","College plus","Low-mid","30-44",11422,36.9188839068853,38.1166665247921,35.7025586543517
"41","Male","Hispanic","Less than high school","High","18-29",13141,37.6829084939023,39.6012878644035,35.7430066470229
"42","Female","White","College plus","Low-mid","30-44",21422,36.8024954302155,37.8539128826285,35.7662027604362
"43","Female","White","Some college","High","30-44",21342,37.2304834185388,38.7682097996612,35.7781925625058
"44","Female","White","College plus","Low","45-59",21413,37.3117908216147,38.68856178783,35.857323776103
"45","Female","Hispanic","Some college","Low-mid","18-29",23321,37.5786991896658,39.0602868675918,35.9049379835844
"46","Female","White","Less than high school","Mid-high","45-59",21133,37.6034855862749,39.37403445893,35.9121877416248
"47","Male","White","College plus","Mid-high","30-44",11432,36.8367061405982,37.7790226473408,35.930136843749
"48","Male","White","College plus","Mid-high","18-29",11431,37.315201058304,38.589699042634,35.9325143855044
"49","Female","Hispanic","High school","High","30-44",23242,37.8446162735772,39.6688471469272,35.9716490968951
"50","Female","White","Some college","Low","18-29",21311,37.3554412931793,38.7064242880826,35.9915087240922
"51","Female","Hispanic","High school","Mid-high","18-29",23231,37.7660215792907,39.5427542461484,36.0088951037953
"52","Male","White","Less than high school","Low","18-29",11111,37.6865130951395,39.2160539100492,36.0377134393652
"53","Male","Hispanic","Some college","Low","18-29",13311,37.629479890493,39.2426053017562,36.0388733203708
"54","Male","Hispanic","Some college","Mid-high","18-29",13331,37.7842243842037,39.4171207562553,36.0556496980838
"55","Female","White","Some college","High","45-59",21343,37.2827835075998,38.5673442659286,36.0581649110097
"56","Male","Hispanic","High school","High","30-44",13242,37.8614078473253,39.6809980263272,36.0813915952924
"57","Male","White","Some college","Low","18-29",11311,37.5780921099937,39.0468493464111,36.0942411069462
"58","Male","White","College plus","Low-mid","18-29",11421,37.5746423614761,39.131128543381,36.1203979253674
"59","Male","Hispanic","College plus","Low","18-29",13411,38.0197980954621,39.7545259358414,36.1861892878573
"60","Female","White","High school","Low","18-29",21211,37.6238227073181,39.0134498827689,36.1863264016997
"61","Male","Hispanic","High school","Low","18-29",13211,37.8355574370554,39.338152130258,36.1897545828955
"62","Male","White","Some college","Low","30-44",11312,37.8964713282878,39.4639081622682,36.2116288917569
"63","Male","White","High school","Mid-high","18-29",11231,37.6446537045713,39.1417536326381,36.2180696685266
"64","Male","White","College plus","Low","30-44",11412,37.8349400631911,39.3552694317058,36.2888485525829
"65","Female","Hispanic","High school","Low-mid","18-29",23221,37.8723541377178,39.5735995525594,36.2980581840266
"66","Female","Hispanic","College plus","Low-mid","18-29",23421,37.9320397238645,39.6845447177253,36.3175227524753
"67","Female","White","Some college","Low-mid","18-29",21321,37.6815520129038,39.094344443311,36.3212071753857
"68","Male","White","High school","Low","18-29",11211,37.8038449402928,39.3070420879714,36.354586832468
"69","Female","White","College plus","Low-mid","18-29",21421,37.5997947203847,38.9084265821041,36.3600614200834
"70","Male","Hispanic","Some college","High","30-44",13342,38.0559836505755,39.745011285247,36.3604177160747
"71","Female","Hispanic","College plus","Low","18-29",23411,37.9244129160845,39.5686848546376,36.3716462743361
"72","Male","White","Less than high school","High","30-44",11142,38.2133731701828,39.9452745558925,36.3780898842371
"73","Female","Hispanic","Less than high school","High","30-44",23142,38.3489437817592,40.3485098389279,36.4487560253535
"74","Female","Hispanic","Some college","Low","18-29",23311,37.9376966734352,39.4092300093079,36.4639957452319
"75","Male","Hispanic","College plus","Low-mid","18-29",13421,38.1151266801863,39.9313232042405,36.4649881667906
"76","Male","White","Some college","High","45-59",11343,37.767257053048,39.0417876222658,36.4897184243471
"77","Male","White","Less than high school","Mid-high","18-29",11131,38.149643745551,39.9702184782097,36.5265911166021
"78","Female","White","College plus","Mid-high","30-44",21432,37.4219437804114,38.295381675164,36.5444909330705
"79","Female","Hispanic","Less than high school","Mid-high","18-29",23131,38.59722540292,40.4514325388582,36.5499480531875
"80","Female","White","College plus","Low","30-44",21412,37.8268182257285,39.2552202837162,36.5525512171047
"81","Female","White","Less than high school","High","45-59",21143,38.3111463128646,40.2068484670852,36.5529905323711
"82","Female","White","Some college","Low-mid","45-59",21323,37.8810081343668,39.2431392425793,36.559292623373
"83","Female","Hispanic","Some college","Mid-high","18-29",23331,38.3060414815876,39.8419144011578,36.5636780403227
"84","Male","White","High school","Mid-high","30-44",11232,37.7214377641131,38.8670122165424,36.5685726077669
"85","Male","White","Some college","Low-mid","30-44",11322,37.8032127035773,39.1112492408265,36.6358423429708
"86","Female","Hispanic","High school","High","45-59",23243,38.4312461837195,40.246109554977,36.6454471603512
"87","Female","White","College plus","High","45-59",21443,37.5091113999015,38.3757138539543,36.6464926531312
"88","Male","White","Some college","Low-mid","18-29",11321,38.0107171633578,39.3050092219768,36.6528405138102
"89","Female","Hispanic","High school","Mid-high","30-44",23232,38.2967730630763,39.7116851597516,36.679564247786
"90","Male","Hispanic","College plus","High","30-44",13442,38.2187258206255,39.7246124754155,36.700192485905
"91","Female","White","Some college","Low","45-59",21313,38.2195531375314,39.5859361790165,36.7734965999178
"92","Male","Hispanic","College plus","Low-mid","30-44",13422,38.3547675334645,39.859561509156,36.7737637273825
"93","Female","White","Less than high school","Mid-high","30-44",21132,38.6411905608294,40.3247535424102,36.8016610835734
"94","Male","Hispanic","Less than high school","Mid-high","18-29",13131,38.6538876597097,40.4547171397651,36.8131079700523
"95","Male","White","College plus","Low-mid","45-59",11423,38.0857217488895,39.2890601185343,36.8194083876252
"96","Female","White","High school","Mid-high","45-59",21233,37.9107797048298,38.9825782108324,36.8227444308271
"97","Male","Hispanic","High school","Mid-high","30-44",13232,38.4116319894427,40.1223748480145,36.8280597092373
"98","Female","Black","College plus","High","18-29",22441,38.5156693948926,40.2607355530582,36.8384920659021
"99","Female","White","College plus","Mid-high","45-59",21433,37.8037180784494,38.7549458045206,36.8780362930765
"100","Male","White","Less than high school","Low-mid","18-29",11121,38.5584791094133,40.2422333613725,36.9165094084704
"101","Female","White","Some college","Mid-high","45-59",21333,38.0855561051363,39.1918691497655,36.9727454749092
"102","Female","Hispanic","High school","Low","18-29",23211,38.3548330859027,39.9253578059833,36.9802237327691
"103","Male","Hispanic","High school","Mid-high","18-29",13231,38.4698941409111,40.1599597521928,36.9852771088736
"104","Female","White","High school","Low","30-44",21212,38.1603952339307,39.3810034715805,37.0073575428813
"105","Male","Hispanic","College plus","High","45-59",13443,38.4803653144444,39.9837397424567,37.010662642542
"106","Female","White","High school","Low-mid","30-44",21222,38.2634406792097,39.3317381123177,37.0299959794643
"107","Male","White","Some college","Mid-high","30-44",11332,38.3046573518305,39.5890419352259,37.0384382572351
"108","Male","Hispanic","Less than high school","High","30-44",13142,38.9328195415869,40.9703828678762,37.0689713594569
"109","Female","White","Some college","Low","30-44",21312,38.3446387108892,39.615714110798,37.0766828837383
"110","Male","White","High school","Low","30-44",11212,38.5630243491104,39.8386431051707,37.0888835865027
"111","Male","Hispanic","High school","Low-mid","18-29",13221,38.6456376425575,40.1269435143211,37.0953365636135
"112","Female","Hispanic","Less than high school","High","45-59",23143,39.1438872106994,41.1737278230867,37.0967807353502
"113","Female","White","Less than high school","Low","30-44",21112,38.4590391197583,39.8791328054269,37.1064482280389
"114","Male","White","Less than high school","High","45-59",11143,38.8613203831183,40.6551014285357,37.1140169395193
"115","Female","Hispanic","College plus","Mid-high","45-59",23433,38.5865504856323,40.0570074108801,37.1264135792104
"116","Female","White","Less than high school","Low-mid","30-44",21122,38.7214190872467,40.3975252724105,37.1297909132819
"117","Female","White","College plus","Low-mid","45-59",21423,38.3390236800835,39.6931118664921,37.1379732688072
"118","Female","Hispanic","Less than high school","Low-mid","18-29",23121,38.7848246360498,40.4269826775734,37.149584654541
"119","Male","Hispanic","Some college","Low-mid","18-29",13321,38.7823520319064,40.3316125057422,37.2015857733909
"120","Female","Hispanic","High school","Low","45-59",23213,38.7221280136036,40.2995136843008,37.2126295063225
"121","Female","Hispanic","College plus","Low","30-44",23412,38.7895893499326,40.2373115903704,37.2351685700071
"122","Female","White","High school","High","45-59",21243,38.4367849008054,39.7778081069536,37.2548365358419
"123","Female","White","High school","Mid-high","30-44",21232,38.4513105873555,39.5708338706605,37.2554552454163
"124","Male","White","Some college","Mid-high","45-59",11333,38.4220580419681,39.5815548726805,37.2626875422428
"125","Female","Hispanic","Less than high school","Low","18-29",23111,38.6033361560409,40.0177301243199,37.2785484999455
"126","Male","White","Less than high school","Low","45-59",11113,38.8199046654284,40.4498716680526,37.2987982128763
"127","Female","Hispanic","College plus","Mid-high","30-44",23432,38.6884465086192,40.0167810346163,37.3601329168948
"128","Male","Hispanic","High school","High","45-59",13243,39.1726321809917,41.1003814826616,37.3696385733894
"129","Male","White","College plus","Mid-high","45-59",11433,38.2814470529146,39.1412990867028,37.3904752487286
"130","Male","Hispanic","Less than high school","High","45-59",13143,39.334194882654,41.4332248833084,37.4458939661732
"131","Male","White","Less than high school","Low","30-44",11112,39.0297446405929,40.6717234244418,37.4557370306875
"132","Female","Hispanic","Less than high school","Mid-high","30-44",23132,39.3589771014445,41.2635852855239,37.5146026167918
"133","Female","Hispanic","College plus","Low-mid","45-59",23423,39.1448764841809,40.777064877298,37.5155905819907
"134","Female","White","Less than high school","Low-mid","45-59",21123,39.1591067896755,40.8030484766104,37.5370296419792
"135","Female","Hispanic","Some college","High","45-59",23343,39.2764278660474,40.9307747258844,37.5595902740307
"136","Female","Hispanic","College plus","Low","45-59",23413,39.222356685933,40.9128907802876,37.5896224349499
"137","Male","White","High school","Low","45-59",11213,39.0335582918988,40.3403413607228,37.6619646470147
"138","Female","Hispanic","Some college","Mid-high","30-44",23332,39.123427471832,40.6227182335315,37.6677100474368
"139","Male","White","College plus","High","45-59",11443,38.5584186341733,39.3793272592678,37.6734149800912
"140","Female","Hispanic","High school","Mid-high","45-59",23233,39.2985185616143,40.9559771384383,37.6893744556471
"141","Female","White","Some college","Low-mid","30-44",21322,38.8724933183133,40.0383133217832,37.7102977173518
"142","Female","Hispanic","High school","Low-mid","45-59",23223,39.3941546617234,40.8614859384615,37.7424744572596
"143","Male","White","Less than high school","Mid-high","30-44",11132,39.6041488514849,41.2156984733824,37.7769627275724
"144","Male","Hispanic","Some college","High","45-59",13343,39.4916623066892,41.2461490713532,37.7926690688245
"145","Female","White","High school","Low","45-59",21213,39.1025191729079,40.4181862222592,37.7979910949635
"146","Male","Hispanic","High school","Mid-high","45-59",13233,39.4668278600258,41.0313544697485,37.8157213021216
"147","Male","Hispanic","Some college","Mid-high","30-44",13332,39.2582406202259,40.915627703184,37.8307362522788
"148","Male","Black","College plus","High","18-29",12441,39.6642704166299,41.4386691141363,37.8676316647355
"149","Male","Hispanic","College plus","Low","30-44",13412,39.6423769693451,41.3551471572507,37.8897550111534
"150","Female","Hispanic","Some college","Low-mid","30-44",23322,39.35699600191,40.8617807775676,37.8899007775812
"151","Male","Hispanic","College plus","Mid-high","30-44",13432,39.1810881595139,40.7291395459173,37.9028900628143
"152","Male","Hispanic","Less than high school","Low-mid","18-29",13121,39.600417074949,41.3307550685145,37.9076084695738
"153","Male","White","Less than high school","Low-mid","30-44",11122,39.5665559122702,41.156940987697,37.999019584706
"154","Male","Hispanic","Some college","Mid-high","45-59",13333,39.8075739719174,41.5760688604344,38.0063530761259
"155","Male","Hispanic","College plus","Low","45-59",13413,39.8092976630283,41.580605700294,38.0064408467535
"156","Male","Hispanic","College plus","Mid-high","45-59",13433,39.5577229610416,41.2740283516674,38.0073553213049
"157","Male","White","Some college","Low","45-59",11313,39.4658489246721,40.9712822093456,38.0130612295798
"158","Female","Hispanic","Less than high school","Low-mid","30-44",23122,39.4227852625613,40.9026528386456,38.0137898114815
"159","Female","Hispanic","Less than high school","Mid-high","45-59",23133,39.7975919288467,41.4511136156739,38.040697639979
"160","Female","White","Less than high school","Low","45-59",21113,39.5818129579348,41.1107232029335,38.0537007587914
"161","Male","Hispanic","College plus","Low-mid","45-59",13423,39.7272283937958,41.3049080510835,38.0558461236578
"162","Female","Hispanic","Some college","Low","45-59",23313,39.8336369300032,41.4714802576559,38.0571006633992
"163","Female","Hispanic","Some college","Mid-high","45-59",23333,39.574254435916,41.3648271190851,38.0695732761522
"164","Female","Hispanic","High school","Low-mid","30-44",23222,39.5163420590055,40.8144401858694,38.1585579389758
"165","Male","Hispanic","Some college","Low-mid","45-59",13323,39.9327837755342,41.834786672766,38.1597221409154
"166","Male","White","College plus","Low","45-59",11413,39.8255522517884,41.5328302685227,38.2076142885043
"167","Female","Hispanic","Some college","Low","30-44",23312,39.684436831367,41.1324529130309,38.216044844458
"168","Female","Black","High school","High","18-29",22241,40.2454844461175,42.249226322338,38.3182904055941
"169","Male","White","Some college","Low-mid","45-59",11323,39.5818669807511,40.8261738051421,38.3182942700873
"170","Male","Hispanic","High school","Low","30-44",13212,39.8318942669185,41.3809796777818,38.3634572117803
"171","Female","White","College plus","High","60+",21444,39.4852943928654,40.5942997401947,38.3760137815441
"172","Female","Hispanic","High school","Low","30-44",23212,39.7462437127585,41.0581734053165,38.3876842202821
"173","Male","Hispanic","Less than high school","Low","18-29",13111,40.0329722882829,41.5684251793642,38.4091482089066
"174","Female","White","High school","High","60+",21244,39.7809033405401,41.0989605170852,38.417399632408
"175","Female","Hispanic","College plus","Low-mid","30-44",23422,39.772931288719,41.2052555807508,38.4274716476381
"176","Male","White","Less than high school","Low-mid","45-59",11123,39.9612574244278,41.6852034738868,38.4441626628579
"177","Male","Hispanic","Less than high school","Mid-high","45-59",13133,40.3523242812161,42.2865237040779,38.4785691189118
"178","Male","Hispanic","High school","Low","45-59",13213,40.0881309116954,41.690261543434,38.486668890523
"179","Male","Hispanic","Some college","Low","45-59",13313,40.3100243124411,42.1285911340883,38.5375744628904
"180","Male","Hispanic","Less than high school","Mid-high","30-44",13132,40.3222398075277,42.020934669519,38.5434201490016
"181","Male","Hispanic","Some college","Low-mid","30-44",13322,40.0331962623322,41.5458006369157,38.543718531131
"182","Male","White","High school","Low-mid","30-44",11222,39.7473164551286,40.9660894623567,38.5812466360577
"183","Female","Black","Some college","High","18-29",22341,40.407005983026,42.4111690681176,38.5910249023177
"184","Male","Hispanic","Less than high school","Low-mid","30-44",13122,40.0531172552734,41.5502240695016,38.6077321371736
"185","Male","Hispanic","Some college","Low","30-44",13312,40.3448184284315,42.0274619306801,38.6390140340727
"186","Female","Black","Less than high school","High","18-29",22141,40.6409461520424,42.6807933036528,38.6524206902074
"187","Male","Hispanic","High school","Low-mid","30-44",13222,40.0421354807324,41.4946198044703,38.6570298876649
"188","Male","Black","Some college","High","18-29",12341,40.3969901271413,42.1641310910019,38.701893032695
"189","Female","Hispanic","Less than high school","Low","45-59",23113,40.0561805705712,41.3149766697535,38.7407650886547
"190","Male","Black","High school","High","18-29",12241,40.8191393178895,42.813776940486,38.7666835752271
"191","Female","Hispanic","Less than high school","Low-mid","45-59",23123,40.4233444884706,41.7835665276927,38.7724315923837
"192","Male","White","High school","Low-mid","45-59",11223,40.0993714734563,41.3375283921073,38.8201632196634
"193","Female","Black","College plus","Low-mid","18-29",22421,40.5789107784141,42.2176583642553,38.832095000828
"194","Male","Hispanic","High school","Low-mid","45-59",13223,40.3212609979869,41.8006156925936,38.8387236961253
"195","Male","Hispanic","Less than high school","Low","45-59",13113,40.3540028575342,41.8444012803348,38.8498331569963
"196","Male","Hispanic","Less than high school","Low-mid","45-59",13123,40.5867576809726,42.1271616484961,38.9501629295651
"197","Female","Black","College plus","Low","18-29",22411,40.583000418181,42.2518117757639,38.9636973954661
"198","Male","Black","Less than high school","High","18-29",12141,40.9959577756926,42.8801280845123,38.9650946270496
"199","Male","Black","College plus","Mid-high","18-29",12431,40.7665531069539,42.5564084368675,38.987212037794
"200","Male","Black","High school","High","30-44",12242,40.847843507587,42.5643522671148,39.0488955219419
"201","Male","White","High school","Mid-high","45-59",11233,40.2354473193842,41.2746380960184,39.0834977342893
"202","Female","Black","Some college","Mid-high","18-29",22331,40.8746407158596,42.5016455057964,39.1051569736665
"203","Female","Black","High school","High","30-44",22242,40.9530506364192,42.7305115636167,39.1270231537126
"204","Male","Black","College plus","High","30-44",12442,40.7069228172862,42.1152332671977,39.1344238377278
"205","Female","Hispanic","Some college","Low-mid","45-59",23323,40.7178807664324,42.3040820852516,39.1807400755286
"206","Male","White","Less than high school","Mid-high","45-59",11133,40.7318055528327,42.3939872212739,39.2180756573024
"207","Male","Hispanic","Less than high school","Low","30-44",13112,40.465676558811,41.7393194323518,39.2357769906494
"208","Female","Black","High school","Low","18-29",22211,40.6575505293655,41.9775062235746,39.2501633708238
"209","Female","Black","College plus","Mid-high","18-29",22431,40.8512425399157,42.4604941951342,39.2564806892264
"210","Female","Black","High school","Mid-high","18-29",22231,41.1220646208762,42.9965821354745,39.2838965514151
"211","Female","White","Some college","High","60+",21344,40.7239461653703,41.8948042206714,39.3378355531302
"212","Male","Black","Some college","Mid-high","18-29",12331,41.1852408420539,42.7075481382093,39.4365368869286
"213","Female","Black","College plus","High","30-44",22442,40.8234479431058,42.1983732983182,39.4420736823747
"214","Female","White","High school","Low-mid","45-59",21223,40.5355346284573,41.7080284431137,39.4561498061608
"215","Female","Hispanic","Less than high school","Low","30-44",23112,40.5922624970227,41.7176004922543,39.5283876569594
"216","Male","Black","College plus","Low","18-29",12411,41.3023610441194,43.1436949479652,39.5338510638652
"217","Female","Black","Less than high school","High","30-44",22142,41.6062510535754,43.7271860737794,39.5557048742941
"218","Female","Black","Some college","High","30-44",22342,41.3816892573139,43.1498581123187,39.5957785320678
"219","Male","Black","High school","Mid-high","18-29",12231,41.4773398536115,43.1237663311362,39.5991430759364
"220","Male","Black","High school","Low","18-29",12211,41.2281858465584,42.8574327051728,39.6439222350515
"221","Female","Black","Some college","Low","30-44",22312,40.9392581320216,42.2064960353632,39.6893408570764
"222","Female","Hispanic","College plus","High","60+",23444,41.5868951833807,43.3780812715018,39.8268075157452
"223","Female","White","Some college","Mid-high","60+",21334,41.0348845429818,42.1327926269175,39.8395827220752
"224","Female","Black","High school","High","45-59",22243,41.6449878734765,43.3219036424308,39.8550445899379
"225","Male","Black","High school","Low-mid","18-29",12221,41.5194207962116,43.149785038707,39.8833023007651
"226","Male","Black","Some college","Low","18-29",12311,41.5713624248207,43.2959189091473,39.9143219864253
"227","Male","White","Some college","High","60+",11344,41.333505608441,42.7932415984885,39.9697475596315
"228","Male","Black","College plus","Low-mid","18-29",12421,41.7157663241701,43.5112064867928,39.99352707213
"229","Female","Black","College plus","High","45-59",22443,41.4990366906328,42.9571024703716,40.0423911918226
"230","Male","Black","College plus","Low-mid","30-44",12422,41.5237836905058,43.2205017102621,40.0941338738436
"231","Female","Black","Less than high school","Low","18-29",22111,41.6195628835905,43.1614299415098,40.1305456403534
"232","Female","Hispanic","High school","High","60+",23244,42.0886168799916,43.8646706903199,40.1484559106437
"233","Male","White","High school","High","60+",11244,41.5384617603821,42.9810855850866,40.1700525384248
"234","Male","Black","College plus","High","45-59",12443,41.6550631356201,43.1631211833915,40.1844110894225
"235","Female","Hispanic","Some college","High","60+",23344,42.0992253670484,44.0441131256889,40.213975253692
"236","Female","Black","Less than high school","Low-mid","18-29",22121,41.9745410837427,43.9094588913184,40.2535912321195
"237","Female","Black","High school","Low-mid","18-29",22221,41.9649184420651,43.7460310526154,40.2639993139199
"238","Female","Black","Less than high school","Mid-high","18-29",22131,42.0882529810017,43.9801057574441,40.2687531797565
"239","Male","Hispanic","College plus","High","60+",13444,42.0348537226712,43.8232049687324,40.3046172460442
"240","Female","White","Less than high school","High","60+",21144,42.3208933004511,44.2689865427141,40.3977640453158
"241","Male","White","College plus","High","60+",11444,41.3216529883748,42.2961026977395,40.4064845206465
"242","Female","Black","Less than high school","High","45-59",22143,42.3393609812206,44.5310364294256,40.4420165887402
"243","Male","Hispanic","High school","High","60+",13244,42.42049118267,44.3267768971593,40.4663925178479
"244","Male","Black","Less than high school","Mid-high","18-29",12131,42.3373859709764,44.1787665112633,40.4773076890088
"245","Female","White","High school","Low","60+",21214,41.6078283255072,42.7503527161181,40.4990815948452
"246","Male","Black","Some college","Low-mid","18-29",12321,42.4651726760257,44.1039035083712,40.511434915621
"247","Female","Black","Some college","Low-mid","18-29",22321,42.0547808533325,43.6789109875351,40.5165679329351
"248","Female","Black","Some college","Mid-high","30-44",22332,42.0034475045555,43.5535525891705,40.5351940473766
"249","Female","Hispanic","Less than high school","High","60+",23144,42.6330034627074,44.5414201081195,40.5445181357979
"250","Male","Black","Less than high school","High","30-44",12142,42.5271533087538,44.3874944050913,40.5491811133833
"251","Female","White","High school","Mid-high","60+",21234,41.5602948354132,42.5928634694623,40.5514963949422
"252","Male","Black","Some college","High","30-44",12342,42.4665270204846,44.2627248483989,40.6737968711735
"253","Female","Black","College plus","Mid-high","30-44",22432,42.0518920147462,43.325639969969,40.7120296165872
"254","Male","Black","Some college","Mid-high","30-44",12332,42.2831235236172,43.8581643613277,40.7369917969977
"255","Male","Black","Some college","High","45-59",12343,42.4272328322446,44.0664140879911,40.7853896165441
"256","Female","Black","College plus","Mid-high","45-59",22433,41.9936226053529,43.2933816740318,40.7919229640112
"257","Female","Black","High school","Mid-high","30-44",22232,42.4693249017153,44.0253431899924,40.8109898312651
"258","Male","Black","High school","Mid-high","45-59",12233,42.5829300251501,44.0794272638689,40.8151191509507
"259","Female","Black","Less than high school","Low","30-44",22112,42.2909498038054,43.7127681197319,40.8201324379851
"260","Female","White","College plus","Mid-high","60+",21434,41.853854854433,42.8506862733467,40.840212469689
"261","Female","Black","Less than high school","Mid-high","30-44",22132,42.6106192406079,44.6088750083585,40.8433840755175
"262","Male","Black","College plus","Low","30-44",12412,42.4614113165816,44.050051858713,40.8489015611551
"263","Female","Black","Some college","High","45-59",22343,42.5880501428131,44.3198244304641,40.8815536463801
"264","Male","Black","Less than high school","Low-mid","18-29",12121,42.6719589702134,44.4258618146436,40.8822243309735
"265","Male","White","Some college","Mid-high","60+",11334,42.1573225698329,43.4019299200359,40.9007510640743
"266","Male","White","Less than high school","High","60+",11144,42.6454521963118,44.3843408951203,40.9250567374239
"267","Male","Black","Less than high school","High","45-59",12143,42.7890305717171,44.6547085147592,40.9691932796701
"268","Male","Black","High school","High","45-59",12243,42.7419346036226,44.3100096838832,41.0182195333836
"269","Female","Black","High school","Mid-high","45-59",22233,42.4551797497169,43.9107961537781,41.039532824817
"270","Female","White","College plus","Low-mid","60+",21424,42.2467268511532,43.3879100153274,41.0872805587355
"271","Female","Black","High school","Low-mid","30-44",22222,42.5244096626621,44.0233949784472,41.1405370559128
"272","Female","Black","College plus","Low","30-44",22412,42.4335156326857,43.7948424858425,41.1574861334145
"273","Male","Hispanic","Less than high school","High","60+",13144,43.0472258479753,45.1548223566385,41.1825378719339
"274","Male","White","College plus","Low-mid","60+",11424,42.4382949919275,43.7860411424296,41.1904878894311
"275","Female","Hispanic","College plus","Mid-high","60+",23434,42.865843558397,44.4510389894169,41.1937810621564
"276","Female","Black","Some college","Low-mid","45-59",22323,42.8767248748269,44.4343449528764,41.1949480734046
"277","Male","Black","College plus","Mid-high","45-59",12433,42.8574170637618,44.3983975008199,41.2437198588704
"278","Male","Hispanic","Some college","High","60+",13344,43.128471244819,44.8908303171957,41.2749459161539
"279","Male","Black","Less than high school","Mid-high","30-44",12132,43.1872420275662,45.0336587146283,41.294547884657
"280","Female","Hispanic","Some college","Mid-high","60+",23334,43.14412221699,45.0815990849359,41.3214224941575
"281","Female","Hispanic","College plus","Low","60+",23414,43.1939091556315,45.0128150011621,41.3408475007421
"282","Female","Black","High school","Low","30-44",22212,42.5192058523696,43.76728915067,41.3439460274834
"283","Female","Black","Some college","Mid-high","45-59",22333,42.7652254370895,44.3365402463288,41.3515855147336
"284","Male","Black","Less than high school","Low-mid","30-44",12122,43.3063107496334,45.1581600382378,41.3539256342524
"285","Male","Black","College plus","Mid-high","30-44",12432,42.9453116211767,44.3923808061191,41.3753699713418
"286","Male","Black","Less than high school","Low","30-44",12112,42.9899905086551,44.6844391555444,41.379511626176
"287","Male","White","College plus","Low","60+",11414,42.9744205356387,44.5119229691062,41.3826452077702
"288","Female","Black","Some college","Low","18-29",22311,42.8548654853589,44.2177159404543,41.3975226275846
"289","Male","Black","College plus","Low","45-59",12413,43.1584136493709,44.9450402540384,41.4046320728764
"290","Male","White","Some college","Low-mid","60+",11324,42.7249949353392,44.1142086852735,41.438797495798
"291","Female","Black","College plus","Low-mid","30-44",22422,42.7799076254262,44.1520476351167,41.4666799463837
"292","Male","Black","Less than high school","Low","18-29",12111,43.1674765304537,44.9023530830069,41.5088588220391
"293","Female","Hispanic","High school","Mid-high","60+",23234,43.0658816423489,44.739414462696,41.5170941271773
"294","Male","White","College plus","Mid-high","60+",11434,42.5751200405501,43.6305827548146,41.5280661033987
"295","Male","Hispanic","College plus","Low","60+",13414,43.332560274692,45.1480207931092,41.5776958212074
"296","Female","Black","Some college","Low-mid","30-44",22322,42.9461569063189,44.3619434776265,41.599888507257
"297","Female","Hispanic","Some college","Low","60+",23314,43.5053536833536,45.3439946352793,41.609985509778
"298","Male","Black","High school","Low","30-44",12212,43.1573289517869,44.6417315432758,41.6156463262373
"299","Female","Black","College plus","Low","45-59",22413,43.290822687698,44.8862655281549,41.6351860434614
"300","Female","White","Less than high school","Low","60+",21114,42.738917607927,43.9409354218951,41.6362053197947
"301","Male","White","Some college","Low","60+",11314,43.2814725264042,45.0442420442539,41.6608904415127
"302","Male","White","High school","Low","60+",11214,42.9978010566499,44.3675271534992,41.6857821603831
"303","Male","White","High school","Low-mid","60+",11224,42.710019075683,43.8157059897872,41.6949532359686
"304","Male","Black","College plus","Low-mid","45-59",12423,43.3752224211164,45.0970515145884,41.7055703729968
"305","Female","White","College plus","Low","60+",21414,43.094964503521,44.6315744109897,41.7191638783973
"306","Female","White","Some college","Low","60+",21314,43.2477833162171,44.722261668294,41.7265833376898
"307","Female","Black","College plus","Low-mid","45-59",22423,43.3202715896618,44.7594521955078,41.7487236610916
"308","Female","White","Less than high school","Mid-high","60+",21134,43.2247511794536,44.6727491191443,41.786665990496
"309","Male","Black","Some college","Low","30-44",12312,43.4650408628514,45.2176748565425,41.8541785182962
"310","Male","Hispanic","Some college","Mid-high","60+",13334,43.7058314314688,45.4874143068329,41.8796069623622
"311","Female","Black","Less than high school","Low-mid","30-44",22122,43.6652705293943,45.4048299783357,41.8923716993593
"312","Male","Hispanic","College plus","Low-mid","60+",13424,43.5422484288234,45.489337175429,41.9097412335511
"313","Male","Black","High school","Low-mid","30-44",12222,43.3400841159162,44.8899300778073,41.9479331508777
"314","Male","Hispanic","College plus","Mid-high","60+",13434,43.601069456908,45.3065080989542,41.9501760233579
"315","Female","Black","Less than high school","Low","45-59",22113,43.432912316622,44.7315238751793,41.9792311090981
"316","Male","Black","Some college","Low","45-59",12313,43.8239088915098,45.5113374954196,41.9810826211464
"317","Male","White","Less than high school","Low","60+",11114,43.3445751764737,44.7261409115435,42.0026802693862
"318","Female","Hispanic","High school","Low","60+",23214,43.5239416975876,45.1990315318138,42.0146062265196
"319","Male","Hispanic","Some college","Low","60+",13314,43.9604643708994,45.7470621596664,42.0342802339706
"320","Male","Hispanic","High school","Low","60+",13214,43.9000286657142,45.6082219815193,42.0787219175829
"321","Female","Black","Some college","Low","45-59",22313,43.5925941350084,45.0221630084672,42.082907269163
"322","Female","Black","Less than high school","Mid-high","45-59",22133,43.8168061731325,45.5374416341527,42.1446451622622
"323","Male","Hispanic","High school","Low-mid","60+",13224,43.802788841074,45.5477892694333,42.1701521537718
"324","Male","Black","Some college","Low-mid","30-44",12322,43.9403490563952,45.5592479214272,42.2084876297047
"325","Male","Black","Less than high school","Low","45-59",12113,43.9297509689588,45.5239400561145,42.2249526705664
"326","Female","Black","Less than high school","Low-mid","45-59",22123,43.8343676346088,45.5110684792831,42.2493736352479
"327","Female","Hispanic","College plus","Low-mid","60+",23424,43.9955563826366,45.8165022304803,42.2578213994259
"328","Male","White","High school","Mid-high","60+",11234,43.2536255528504,44.4023229679597,42.2855565680303
"329","Female","Hispanic","Some college","Low-mid","60+",23324,44.0975332366188,45.9365138662482,42.3356412575233
"330","Female","White","High school","Low-mid","60+",21224,43.2503420541861,44.0788267269946,42.3447748702884
"331","Female","Hispanic","High school","Low-mid","60+",23224,43.917512704483,45.4926352671387,42.3835642737621
"332","Female","White","Some college","Low-mid","60+",21324,43.5243056488292,44.5985499277136,42.4014131263596
"333","Female","Hispanic","Less than high school","Low-mid","60+",23124,43.7913523935051,45.1700596375739,42.4190555324481
"334","Female","Black","High school","Low","45-59",22213,43.7171462243915,45.0043161783408,42.4207799588847
"335","Female","Hispanic","Less than high school","Low","60+",23114,43.6107490469119,44.8333158201428,42.4211162372182
"336","Female","Hispanic","Less than high school","Mid-high","60+",23134,44.0988246306963,45.8999314327698,42.4319208902213
"337","Male","Black","High school","Mid-high","30-44",12232,44.0257565081006,45.6065196341065,42.4431667912546
"338","Male","White","Less than high school","Mid-high","60+",11134,43.8424854129416,45.1216044059242,42.4557460564835
"339","Male","Black","Less than high school","Mid-high","45-59",12133,44.185995044829,46.0446280859515,42.4600912383785
"340","Female","White","Less than high school","Low-mid","60+",21124,43.5085738386467,44.5026180136287,42.4825517899871
"341","Male","Black","High school","Low","45-59",12213,44.0622386161784,45.6875314531361,42.5621040908573
"342","Male","Hispanic","Some college","Low-mid","60+",13324,44.2793543775919,46.2011067629536,42.6457337520753
"343","Male","Hispanic","High school","Mid-high","60+",13234,44.4727210639367,46.2234726337517,42.6893956238724
"344","Male","Hispanic","Less than high school","Low-mid","60+",13124,44.2949677547064,45.7825955507044,42.7187404193832
"345","Male","Black","Some college","Low-mid","45-59",12323,44.4476575541338,46.1194164864974,42.7352256337945
"346","Female","Black","College plus","High","60+",22444,44.3988810250645,46.03206138065,42.7812313923776
"347","Male","Hispanic","Less than high school","Mid-high","60+",13134,44.5509771676812,46.2064971540469,42.8809445835777
"348","Male","Black","Some college","Mid-high","45-59",12333,44.6031562905693,46.1329347786689,43.0544020628287
"349","Female","Black","High school","Low-mid","45-59",22223,44.6367790464953,46.049946260894,43.3006544166404
"350","Male","White","Less than high school","Low-mid","60+",11124,44.5687946694182,45.733545589613,43.3454992384559
"351","Male","Black","Less than high school","Low-mid","45-59",12123,45.1562638716835,46.8478319804214,43.4165584498758
"352","Male","Black","High school","Low-mid","45-59",12223,44.9491001640618,46.4447611757185,43.4330095064607
"353","Male","Black","College plus","High","60+",12444,45.8252322419732,47.5716602649538,44.0559379984209
"354","Female","Black","Some college","High","60+",22344,45.8811792229207,47.5643257188092,44.0878765636305
"355","Female","Black","College plus","Mid-high","60+",22434,45.7137936365811,47.3507230286111,44.0886790583431
"356","Male","Hispanic","Less than high school","Low","60+",13114,45.6187025254911,47.0171811444634,44.1579092793824
"357","Female","Black","College plus","Low-mid","60+",22424,45.8396122575562,47.4215668243042,44.1674071198384
"358","Male","Black","College plus","Mid-high","60+",12434,45.7528703183852,47.3176863495118,44.2280834948586
"359","Female","Black","High school","High","60+",22244,46.0497788376152,48.0116935198289,44.330821000399
"360","Female","Black","Less than high school","Low","60+",22114,45.4939433400824,46.5750291232917,44.4312168809197
"361","Female","Black","Less than high school","High","60+",22144,46.3312412834191,48.1590798538985,44.4964178290986
"362","Male","Black","Some college","High","60+",12344,46.4406799186989,48.3285029426261,44.5239638502138
"363","Male","Black","College plus","Low","60+",12414,46.4231563338551,48.2214752247523,44.5759755134127
"364","Female","Black","Some college","Low-mid","60+",22324,46.3002747168046,47.9024945627578,44.639361538098
"365","Male","Black","Less than high school","High","60+",12144,46.8342526485014,48.8845006167601,44.8188150110339
"366","Female","Black","College plus","Low","60+",22414,46.5245052743277,48.2635813280441,44.8265076370897
"367","Female","Black","High school","Low-mid","60+",22224,46.3156203857252,47.61149778061,44.9434011919397
"368","Male","Black","High school","High","60+",12244,46.7322816121166,48.5811552247663,44.9885485911938
"369","Female","Black","High school","Mid-high","60+",22234,46.6655713728982,48.1936419409954,45.0367011396622
"370","Male","Black","College plus","Low-mid","60+",12424,46.7275049741882,48.494871299208,45.0601554321454
"371","Female","Black","Less than high school","Mid-high","60+",22134,46.9083666862878,48.7376800394516,45.0704249875315
"372","Male","Black","High school","Low-mid","60+",12224,46.7007528260817,48.4164848266866,45.1263420922358
"373","Male","Black","Some college","Low","60+",12314,47.0651064796639,48.991701423804,45.3784179192658
"374","Male","Black","Less than high school","Low-mid","60+",12124,46.8858920461613,48.4041576099089,45.411270401548
"375","Female","Black","Some college","Mid-high","60+",22334,47.0087290196562,48.5168555365649,45.4485752272143
"376","Male","Black","High school","Mid-high","60+",12234,47.2613228514616,48.997277321429,45.5947243849543
"377","Male","Black","High school","Low","60+",12214,47.5980497511709,49.1422584853641,45.7491131178736
"378","Male","Black","Some college","Mid-high","60+",12334,47.481428728927,49.2027196805487,45.7571258149538
"379","Female","Black","Some college","Low","60+",22314,47.58670840403,49.2071532792283,45.905279236764
"380","Male","Black","Less than high school","Mid-high","60+",12134,47.6767125819514,49.2775158609253,45.9261501058806
"381","Male","Black","Some college","Low-mid","60+",12324,47.5610604671384,49.1470039195768,45.9957377859529
"382","Female","Black","High school","Low","60+",22214,47.7797906113252,49.0280475780932,46.6376853642905
"383","Female","Black","Less than high school","Low-mid","60+",22124,48.1713675317824,49.564121402219,46.7672062161137
"384","Male","Black","Less than high school","Low","60+",12114,48.3911976211196,49.8476844904996,46.8678946890831
